age,workclass,fnlwgt,education,education.num,marital.status,occupation,relationship,race,sex,capital.gain,capital.loss,hours.per.week,native.country,income
58,Self-emp-inc,190763,Bachelors,13,Married-civ-spouse,Prof-specialty,Husband,White,Male,0,0,40,United-States,>50K
57,Private,300104,HS-grad,9,Married-civ-spouse,Craft-repair,Husband,White,Male,0,0,84,United-States,>50K
41,Private,112507,10th,6,Married-civ-spouse,Transport-moving,Husband,White,Male,0,0,60,United-States,<=50K
31,Local-gov,47276,Bachelors,13,Married-civ-spouse,Other-service,Husband,White,Male,0,0,38,United-States,>50K
41,Self-emp-not-inc,284086,Assoc-voc,11,Divorced,Sales,Not-in-family,White,Male,0,0,60,United-States,<=50K
19,Private,183532,Some-college,10,Never-married,Handlers-cleaners,Own-child,White,Male,0,0,25,United-States,<=50K
42,Self-emp-not-inc,32546,Prof-school,15,Divorced,Prof-specialty,Unmarried,White,Male,7430,0,40,United-States,>50K
39,Private,175972,Some-college,10,Married-civ-spouse,Other-service,Wife,White,Female,0,0,15,United-States,<=50K
50,Private,161438,HS-grad,9,Married-civ-spouse,Exec-managerial,Husband,White,Male,0,0,50,United-States,>50K
44,Private,403782,Assoc-voc,11,Divorced,Sales,Not-in-family,White,Male,0,0,45,United-States,<=50K
18,Private,135924,HS-grad,9,Never-married,Adm-clerical,Own-child,White,Male,0,0,20,United-States,<=50K
25,Private,404616,Masters,14,Married-civ-spouse,Farming-fishing,Not-in-family,White,Male,0,0,99,United-States,>50K
28,Private,133043,HS-grad,9,Divorced,Adm-clerical,Unmarried,White,Female,0,0,50,United-States,<=50K
39,Private,59313,12th,8,Married-spouse-absent,Transport-moving,Not-in-family,Black,Male,0,0,45,?,<=50K
20,Private,262749,Some-college,10,Never-married,Other-service,Own-child,White,Male,0,0,35,United-States,<=50K
58,Local-gov,283635,Bachelors,13,Never-married,Prof-specialty,Not-in-family,White,Female,0,0,40,United-States,<=50K
36,Private,169426,HS-grad,9,Married-civ-spouse,Machine-op-inspct,Husband,White,Male,7298,0,40,United-States,>50K
60,Private,389254,HS-grad,9,Married-civ-spouse,Sales,Husband,White,Male,0,0,40,United-States,>50K
39,Private,185520,Some-college,10,Divorced,Exec-managerial,Not-in-family,White,Female,8614,0,40,United-States,>50K
42,State-gov,190044,Bachelors,13,Married-civ-spouse,Exec-managerial,Husband,White,Male,15024,0,50,United-States,>50K
41,Self-emp-not-inc,443508,HS-grad,9,Married-civ-spouse,Exec-managerial,Husband,White,Male,0,0,50,United-States,<=50K
29,Local-gov,277323,HS-grad,9,Never-married,Protective-serv,Unmarried,White,Male,0,0,45,United-States,<=50K
59,Private,38573,Some-college,10,Married-civ-spouse,Exec-managerial,Husband,White,Male,0,0,40,United-States,>50K
59,Private,182460,Bachelors,13,Married-civ-spouse,Exec-managerial,Husband,White,Male,0,0,60,United-States,>50K
23,Private,129042,HS-grad,9,Never-married,Machine-op-inspct,Unmarried,Black,Female,0,0,40,United-States,<=50K
48,Private,55237,Bachelors,13,Married-civ-spouse,Craft-repair,Husband,White,Male,0,0,45,United-States,>50K
57,Private,103540,5th-6th,3,Married-civ-spouse,Transport-moving,Husband,Black,Male,0,0,50,United-States,<=50K
36,Private,152621,Some-college,10,Married-civ-spouse,Craft-repair,Husband,White,Male,0,0,40,Canada,>50K
60,Private,238913,Bachelors,13,Married-civ-spouse,Sales,Husband,White,Male,0,0,46,United-States,>50K
27,Private,140863,HS-grad,9,Never-married,Transport-moving,Not-in-family,White,Male,0,0,60,United-States,<=50K
26,Private,184872,Bachelors,13,Married-civ-spouse,Exec-managerial,Wife,White,Female,0,0,55,United-States,>50K
50,?,156008,11th,7,Married-civ-spouse,?,Own-child,Black,Female,0,0,40,United-States,<=50K
49,Private,54260,Bachelors,13,Married-civ-spouse,Prof-specialty,Husband,White,Male,0,0,40,United-States,>50K
39,Private,61343,10th,6,Married-civ-spouse,Machine-op-inspct,Husband,White,Male,0,0,60,United-States,<=50K
37,Private,170174,HS-grad,9,Married-civ-spouse,Exec-managerial,Husband,White,Male,0,0,46,United-States,>50K
19,Private,351802,HS-grad,9,Never-married,Machine-op-inspct,Own-child,White,Male,0,0,35,United-States,<=50K
23,Private,164231,11th,7,Separated,Prof-specialty,Own-child,White,Male,0,0,35,United-States,<=50K
40,Private,400061,Some-college,10,Married-civ-spouse,Machine-op-inspct,Husband,Other,Male,0,0,40,United-States,>50K
31,Private,119422,HS-grad,9,Married-civ-spouse,Sales,Husband,White,Male,0,0,40,United-States,<=50K
29,Self-emp-not-inc,77207,Masters,14,Married-civ-spouse,Craft-repair,Husband,White,Male,0,0,30,United-States,<=50K
34,Self-emp-inc,353927,Some-college,10,Married-civ-spouse,Exec-managerial,Husband,White,Male,0,0,40,United-States,>50K
39,Private,74163,12th,8,Divorced,Sales,Not-in-family,White,Female,0,0,40,United-States,<=50K
26,Private,369166,Some-college,10,Never-married,Farming-fishing,Other-relative,White,Female,0,0,65,United-States,<=50K
17,Local-gov,244856,11th,7,Never-married,Prof-specialty,Own-child,White,Female,0,0,40,United-States,<=50K
21,?,403860,Some-college,10,Never-married,?,Own-child,White,Male,0,0,40,United-States,<=50K
43,Private,351576,Bachelors,13,Never-married,Sales,Not-in-family,White,Male,0,0,50,United-States,>50K
62,Private,41718,10th,6,Married-civ-spouse,Sales,Husband,White,Male,0,0,35,United-States,<=50K
23,Private,228243,Some-college,10,Never-married,Craft-repair,Not-in-family,White,Male,0,0,44,United-States,<=50K
22,Private,333910,Some-college,10,Never-married,Tech-support,Not-in-family,White,Female,0,0,43,United-States,<=50K
53,Private,113176,HS-grad,9,Divorced,Sales,Not-in-family,White,Female,2597,0,40,United-States,<=50K
21,Private,197050,Some-college,10,Never-married,Other-service,Own-child,White,Female,0,0,35,United-States,<=50K
30,Self-emp-not-inc,404062,HS-grad,9,Married-civ-spouse,Prof-specialty,Husband,White,Male,0,1977,15,United-States,>50K
46,Self-emp-inc,120902,Bachelors,13,Married-civ-spouse,Exec-managerial,Husband,White,Male,3103,0,37,United-States,>50K
27,Private,220754,HS-grad,9,Never-married,Adm-clerical,Not-in-family,White,Female,0,0,70,United-States,<=50K
40,State-gov,86912,Doctorate,16,Married-civ-spouse,Prof-specialty,Husband,White,Male,0,0,50,United-States,>50K
39,Private,509060,Some-college,10,Divorced,Other-service,Not-in-family,White,Male,0,0,40,United-States,<=50K
47,Private,323798,Prof-school,15,Married-civ-spouse,Prof-specialty,Husband,White,Male,15024,0,55,United-States,>50K
19,Self-emp-not-inc,342384,11th,7,Married-civ-spouse,Craft-repair,Own-child,White,Male,0,2129,55,United-States,<=50K
33,Private,295591,5th-6th,3,Married-spouse-absent,Craft-repair,Not-in-family,White,Male,0,0,40,Mexico,<=50K
19,Private,261259,HS-grad,9,Never-married,Handlers-cleaners,Own-child,White,Male,0,0,20,United-States,<=50K
38,Private,198216,Some-college,10,Divorced,Exec-managerial,Unmarried,White,Female,0,0,40,United-States,<=50K
35,Private,61343,Bachelors,13,Married-civ-spouse,Sales,Husband,White,Male,0,0,40,United-States,>50K
31,Self-emp-not-inc,182177,HS-grad,9,Married-civ-spouse,Craft-repair,Husband,White,Male,0,1902,40,United-States,>50K
63,?,146196,Bachelors,13,Married-civ-spouse,?,Husband,White,Male,0,0,40,United-States,<=50K
17,Private,270587,11th,7,Never-married,Other-service,Own-child,White,Male,0,0,20,England,<=50K
19,Private,223669,Some-college,10,Never-married,Other-service,Own-child,White,Male,0,0,30,United-States,<=50K
35,Private,241998,Bachelors,13,Married-civ-spouse,Exec-managerial,Husband,White,Male,0,0,45,United-States,>50K
51,Local-gov,155118,Masters,14,Married-civ-spouse,Prof-specialty,Wife,White,Female,0,0,70,United-States,>50K
40,Private,294708,HS-grad,9,Married-civ-spouse,Transport-moving,Husband,Black,Male,0,0,40,United-States,>50K
33,Private,170651,HS-grad,9,Never-married,Other-service,Own-child,White,Female,1055,0,40,United-States,<=50K
49,Private,43348,Masters,14,Never-married,Prof-specialty,Not-in-family,White,Male,0,0,40,United-States,>50K
28,Private,171067,HS-grad,9,Never-married,Handlers-cleaners,Own-child,White,Female,0,0,40,United-States,<=50K
46,Private,106255,Some-college,10,Married-civ-spouse,Craft-repair,Husband,White,Male,0,0,40,United-States,<=50K
48,Private,149210,HS-grad,9,Separated,Craft-repair,Unmarried,Black,Male,0,0,45,United-States,<=50K
44,Private,193494,Some-college,10,Married-civ-spouse,Transport-moving,Husband,White,Male,0,0,72,United-States,>50K
32,Private,200246,Bachelors,13,Married-civ-spouse,Exec-managerial,Husband,White,Male,0,0,40,United-States,>50K
51,Private,53833,HS-grad,9,Married-civ-spouse,Prof-specialty,Husband,White,Male,0,0,46,United-States,>50K
37,Local-gov,297449,HS-grad,9,Married-civ-spouse,Protective-serv,Husband,White,Male,0,0,40,United-States,>50K
30,Private,87561,Assoc-acdm,12,Never-married,Tech-support,Not-in-family,White,Female,0,0,40,United-States,<=50K
37,Private,234807,Bachelors,13,Divorced,Exec-managerial,Unmarried,White,Female,7430,0,45,United-States,>50K
49,Private,48120,HS-grad,9,Never-married,Transport-moving,Unmarried,Black,Female,1506,0,40,United-States,<=50K
26,Private,76996,Some-college,10,Never-married,Machine-op-inspct,Not-in-family,Black,Female,0,0,38,United-States,<=50K
25,Private,158662,HS-grad,9,Married-civ-spouse,Adm-clerical,Wife,White,Female,0,0,50,United-States,>50K
57,Private,47857,HS-grad,9,Married-civ-spouse,Transport-moving,Husband,White,Male,0,0,40,United-States,>50K
44,Local-gov,254146,Masters,14,Married-civ-spouse,Prof-specialty,Husband,White,Male,0,0,40,United-States,>50K
42,Private,65372,Some-college,10,Never-married,Adm-clerical,Own-child,White,Female,0,0,40,United-States,<=50K
41,Federal-gov,510072,Bachelors,13,Married-civ-spouse,Exec-managerial,Husband,White,Male,0,0,40,United-States,>50K
42,Private,261929,Bachelors,13,Married-civ-spouse,Exec-managerial,Husband,White,Male,7688,0,40,United-States,>50K
44,Private,201924,Bachelors,13,Divorced,Sales,Unmarried,White,Female,0,0,35,United-States,<=50K
26,Private,177929,Bachelors,13,Never-married,Sales,Not-in-family,White,Male,0,0,48,United-States,<=50K
41,Private,599629,Some-college,10,Married-civ-spouse,Adm-clerical,Wife,Black,Female,0,0,40,United-States,>50K
69,Self-emp-inc,106395,HS-grad,9,Married-civ-spouse,Other-service,Husband,White,Male,0,0,40,United-States,>50K
34,Private,146980,HS-grad,9,Married-spouse-absent,Other-service,Unmarried,White,Female,0,0,65,United-States,<=50K
35,Private,86648,Prof-school,15,Married-civ-spouse,Prof-specialty,Husband,White,Male,7688,0,50,United-States,>50K
60,Private,130684,Some-college,10,Married-civ-spouse,Craft-repair,Husband,White,Male,0,0,55,United-States,<=50K
65,Self-emp-inc,172684,Bachelors,13,Married-civ-spouse,Exec-managerial,Husband,White,Male,0,0,44,Mexico,>50K
31,Private,211242,Assoc-acdm,12,Married-civ-spouse,Exec-managerial,Husband,White,Male,0,0,55,United-States,>50K
61,Self-emp-inc,134768,Bachelors,13,Married-civ-spouse,Exec-managerial,Husband,White,Male,0,0,50,Germany,>50K
43,Private,212894,Bachelors,13,Married-civ-spouse,Exec-managerial,Husband,White,Male,15024,0,50,United-States,>50K
33,Private,213226,HS-grad,9,Married-civ-spouse,Craft-repair,Husband,White,Male,0,0,60,United-States,<=50K
38,Private,132879,HS-grad,9,Married-civ-spouse,Craft-repair,Husband,White,Male,0,1902,40,United-States,>50K
26,Private,195994,Some-college,10,Never-married,Sales,Not-in-family,White,Female,0,0,15,United-States,<=50K
30,Private,151967,Some-college,10,Married-civ-spouse,Craft-repair,Husband,White,Male,0,0,58,United-States,<=50K
32,Private,180296,Some-college,10,Divorced,Adm-clerical,Unmarried,White,Female,0,0,40,United-States,<=50K
21,?,220115,Some-college,10,Never-married,?,Own-child,White,Male,0,0,20,United-States,<=50K
46,Private,216666,9th,5,Married-civ-spouse,Machine-op-inspct,Husband,White,Male,0,0,40,Guatemala,<=50K
24,Private,381895,11th,7,Divorced,Machine-op-inspct,Unmarried,White,Female,0,0,40,United-States,<=50K
33,?,393376,11th,7,Never-married,?,Not-in-family,White,Female,0,0,40,United-States,<=50K
54,Federal-gov,114674,Some-college,10,Married-civ-spouse,Exec-managerial,Husband,White,Male,0,0,40,United-States,>50K
42,Private,230959,Bachelors,13,Married-civ-spouse,Adm-clerical,Wife,Asian-Pac-Islander,Female,0,1887,40,Philippines,>50K
19,?,175499,11th,7,Never-married,?,Own-child,White,Female,0,0,30,United-States,<=50K
55,Private,349304,Bachelors,13,Married-civ-spouse,Exec-managerial,Husband,White,Male,0,0,40,United-States,>50K
51,Private,159910,Bachelors,13,Divorced,Exec-managerial,Not-in-family,Black,Male,10520,0,40,United-States,>50K
48,State-gov,55863,Doctorate,16,Married-civ-spouse,Prof-specialty,Wife,White,Female,0,1902,46,United-States,>50K
38,Private,245372,Bachelors,13,Married-civ-spouse,Prof-specialty,Husband,White,Male,7688,0,45,United-States,>50K
23,Private,269687,Assoc-voc,11,Never-married,Tech-support,Not-in-family,White,Male,0,0,40,United-States,<=50K
38,Private,258761,HS-grad,9,Divorced,Exec-managerial,Not-in-family,White,Male,0,0,50,United-States,<=50K
37,Private,280282,Assoc-voc,11,Married-civ-spouse,Tech-support,Wife,White,Female,0,0,24,United-States,>50K
65,State-gov,326691,Some-college,10,Married-civ-spouse,Machine-op-inspct,Husband,Black,Male,0,0,40,United-States,>50K
42,Self-emp-not-inc,178780,Masters,14,Married-civ-spouse,Exec-managerial,Husband,White,Male,0,0,50,United-States,>50K
34,Private,189809,Some-college,10,Married-civ-spouse,Exec-managerial,Husband,Black,Male,0,0,52,Jamaica,<=50K
51,Private,189551,HS-grad,9,Divorced,Craft-repair,Own-child,Black,Male,0,0,40,United-States,<=50K
40,Private,29841,Bachelors,13,Married-civ-spouse,Adm-clerical,Wife,White,Female,0,0,40,United-States,<=50K
66,Self-emp-not-inc,182470,Prof-school,15,Married-civ-spouse,Prof-specialty,Husband,White,Male,0,0,25,United-States,>50K
33,Private,162930,Bachelors,13,Married-civ-spouse,Prof-specialty,Husband,White,Male,0,0,50,Italy,<=50K
30,Federal-gov,73514,Bachelors,13,Never-married,Exec-managerial,Other-relative,Asian-Pac-Islander,Female,0,0,45,United-States,<=50K
53,State-gov,151580,Assoc-voc,11,Married-civ-spouse,Prof-specialty,Husband,White,Male,4386,0,40,United-States,>50K
40,Local-gov,147372,Some-college,10,Never-married,Protective-serv,Not-in-family,White,Male,0,2444,40,United-States,>50K
19,Self-emp-not-inc,45546,Some-college,10,Never-married,Sales,Own-child,White,Female,0,0,16,United-States,<=50K
38,Private,205852,Bachelors,13,Married-civ-spouse,Exec-managerial,Husband,White,Male,0,0,40,United-States,>50K
66,State-gov,132055,HS-grad,9,Married-civ-spouse,Exec-managerial,Husband,White,Male,0,1825,40,United-States,>50K
31,Private,169240,HS-grad,9,Never-married,Other-service,Not-in-family,White,Female,0,0,40,United-States,<=50K
44,Self-emp-inc,151089,HS-grad,9,Married-civ-spouse,Exec-managerial,Husband,White,Male,0,1887,70,United-States,>50K
24,?,26671,HS-grad,9,Never-married,?,Other-relative,Amer-Indian-Eskimo,Female,0,0,40,United-States,<=50K
34,Self-emp-not-inc,349148,Some-college,10,Married-civ-spouse,Craft-repair,Husband,White,Male,0,0,40,United-States,<=50K
21,?,242736,Assoc-acdm,12,Never-married,?,Own-child,White,Female,0,0,40,United-States,<=50K
61,State-gov,186451,Prof-school,15,Married-civ-spouse,Prof-specialty,Husband,White,Male,0,1902,40,United-States,>50K
76,?,28221,HS-grad,9,Married-civ-spouse,?,Husband,White,Male,0,0,40,Canada,>50K
45,State-gov,144351,Masters,14,Married-civ-spouse,Prof-specialty,Husband,White,Male,0,0,40,United-States,>50K
41,Local-gov,47902,Bachelors,13,Married-civ-spouse,Prof-specialty,Husband,White,Male,0,0,45,United-States,>50K
22,Private,180052,Some-college,10,Never-married,Sales,Own-child,White,Male,0,0,20,United-States,<=50K
36,Self-emp-not-inc,207202,10th,6,Married-civ-spouse,Farming-fishing,Husband,White,Male,0,0,60,United-States,<=50K
67,?,129188,Doctorate,16,Married-civ-spouse,?,Husband,White,Male,20051,0,5,United-States,>50K
25,Private,216583,Bachelors,13,Married-civ-spouse,Exec-managerial,Husband,White,Male,0,0,43,United-States,<=50K
42,Private,266710,Some-college,10,Separated,Adm-clerical,Unmarried,Black,Female,0,0,41,United-States,<=50K
42,Self-emp-inc,277488,Prof-school,15,Married-civ-spouse,Prof-specialty,Husband,White,Male,15024,0,65,United-States,>50K
46,Private,157991,Assoc-voc,11,Divorced,Tech-support,Unmarried,Black,Female,0,625,40,United-States,<=50K
58,Self-emp-not-inc,95763,Some-college,10,Married-civ-spouse,Farming-fishing,Husband,White,Male,0,0,60,United-States,<=50K
22,Private,270436,HS-grad,9,Never-married,Other-service,Own-child,White,Male,0,0,40,United-States,<=50K
29,Local-gov,302422,Assoc-voc,11,Never-married,Protective-serv,Not-in-family,White,Male,0,1564,56,United-States,>50K
67,?,201657,Bachelors,13,Divorced,?,Not-in-family,White,Female,0,0,60,United-States,<=50K
45,Private,77085,Bachelors,13,Married-civ-spouse,Craft-repair,Husband,Asian-Pac-Islander,Male,0,0,40,Japan,>50K
47,Private,78529,Bachelors,13,Married-civ-spouse,Sales,Husband,White,Male,0,0,60,United-States,>50K
49,Private,128736,Bachelors,13,Never-married,Prof-specialty,Unmarried,White,Female,0,0,40,United-States,<=50K
37,Private,138940,11th,7,Married-civ-spouse,Craft-repair,Husband,White,Male,0,0,40,United-States,<=50K
19,Private,263340,Some-college,10,Never-married,Other-service,Own-child,White,Female,0,0,15,United-States,<=50K
21,State-gov,194096,Some-college,10,Never-married,Other-service,Own-child,White,Female,0,0,10,United-States,<=50K
17,Private,57324,10th,6,Never-married,Other-service,Own-child,White,Male,0,0,30,United-States,<=50K
47,Private,123207,HS-grad,9,Married-civ-spouse,Adm-clerical,Wife,White,Female,0,0,20,United-States,>50K
38,Private,38312,Bachelors,13,Married-civ-spouse,Exec-managerial,Husband,White,Male,15024,0,65,United-States,>50K
29,Private,87905,HS-grad,9,Divorced,Other-service,Not-in-family,White,Male,10520,0,40,United-States,>50K
49,Private,203067,Some-college,10,Married-civ-spouse,Prof-specialty,Husband,White,Male,0,0,40,United-States,>50K
41,Private,425049,HS-grad,9,Married-civ-spouse,Transport-moving,Husband,White,Male,0,0,50,United-States,>50K
33,Private,33117,Assoc-acdm,12,Married-civ-spouse,Protective-serv,Husband,White,Male,0,0,40,United-States,<=50K
51,Self-emp-inc,100029,Doctorate,16,Married-civ-spouse,Prof-specialty,Husband,White,Male,15024,0,40,United-States,>50K
20,State-gov,178628,Some-college,10,Never-married,Adm-clerical,Own-child,White,Male,0,0,40,United-States,<=50K
39,Private,91711,Masters,14,Married-civ-spouse,Exec-managerial,Husband,White,Male,0,0,40,United-States,>50K
22,State-gov,334693,Some-college,10,Never-married,Adm-clerical,Own-child,White,Female,0,0,40,United-States,<=50K
31,Private,153078,Assoc-acdm,12,Never-married,Craft-repair,Own-child,Other,Male,0,0,50,United-States,<=50K
47,Private,173938,Bachelors,13,Married-civ-spouse,Exec-managerial,Husband,White,Male,0,0,57,United-States,>50K
47,Self-emp-not-inc,173613,Some-college,10,Divorced,Exec-managerial,Not-in-family,White,Female,0,0,65,United-States,<=50K
51,Self-emp-inc,103995,Assoc-acdm,12,Never-married,Sales,Not-in-family,White,Female,0,0,25,United-States,<=50K
29,Private,110442,HS-grad,9,Married-civ-spouse,Handlers-cleaners,Husband,White,Male,0,0,45,United-States,<=50K
30,Private,154120,Bachelors,13,Never-married,Sales,Not-in-family,White,Male,0,0,65,United-States,<=50K
42,Private,228456,Bachelors,13,Separated,Other-service,Other-relative,Black,Male,0,0,50,United-States,<=50K
42,State-gov,293791,Bachelors,13,Married-civ-spouse,Exec-managerial,Husband,White,Male,0,0,50,United-States,>50K
18,Private,115443,11th,7,Never-married,Handlers-cleaners,Not-in-family,White,Male,0,0,25,United-States,<=50K
45,Self-emp-inc,201699,Doctorate,16,Married-civ-spouse,Prof-specialty,Husband,White,Male,0,0,60,United-States,>50K
23,Private,250630,Masters,14,Never-married,Prof-specialty,Not-in-family,White,Female,0,0,30,United-States,<=50K
35,Self-emp-inc,202027,Some-college,10,Divorced,Exec-managerial,Not-in-family,White,Male,0,0,60,United-States,<=50K
27,Private,217379,Some-college,10,Divorced,Prof-specialty,Own-child,White,Female,0,0,40,United-States,<=50K
17,Private,198146,11th,7,Never-married,Sales,Own-child,White,Female,0,0,16,United-States,<=50K
60,?,163946,9th,5,Married-civ-spouse,?,Husband,White,Male,0,0,40,United-States,<=50K
18,Private,32244,11th,7,Never-married,Handlers-cleaners,Own-child,White,Male,594,0,30,United-States,<=50K
26,Private,134004,Some-college,10,Married-civ-spouse,Exec-managerial,Wife,White,Female,0,0,40,United-States,<=50K
49,Private,274720,HS-grad,9,Married-civ-spouse,Craft-repair,Husband,Black,Male,0,0,40,United-States,<=50K
49,Local-gov,102359,9th,5,Widowed,Handlers-cleaners,Unmarried,White,Male,0,2231,40,United-States,>50K
45,Private,20534,Some-college,10,Married-civ-spouse,Machine-op-inspct,Husband,White,Male,0,0,84,United-States,>50K
44,Private,75227,Prof-school,15,Never-married,Prof-specialty,Not-in-family,White,Male,14084,0,40,United-States,>50K
36,Federal-gov,210945,Some-college,10,Married-civ-spouse,Adm-clerical,Husband,White,Male,0,0,70,United-States,<=50K
48,Private,329778,HS-grad,9,Widowed,Other-service,Unmarried,White,Female,0,0,40,United-States,<=50K
29,?,315026,HS-grad,9,Divorced,?,Unmarried,White,Female,0,0,40,United-States,<=50K
43,Local-gov,35824,Masters,14,Married-civ-spouse,Prof-specialty,Wife,White,Female,0,0,40,United-States,>50K
29,Private,119170,Some-college,10,Separated,Tech-support,Unmarried,White,Female,0,0,40,United-States,<=50K
32,Private,193042,Prof-school,15,Married-civ-spouse,Sales,Husband,White,Male,15024,0,60,United-States,>50K
34,Private,108837,Some-college,10,Married-civ-spouse,Handlers-cleaners,Husband,White,Male,0,0,40,United-States,>50K
38,Federal-gov,207066,HS-grad,9,Married-civ-spouse,Exec-managerial,Husband,White,Male,0,0,42,United-States,>50K
49,State-gov,142856,HS-grad,9,Married-civ-spouse,Prof-specialty,Husband,White,Male,0,0,40,United-States,>50K
56,Self-emp-inc,211804,Bachelors,13,Married-civ-spouse,Sales,Husband,White,Male,15024,0,50,United-States,>50K
33,Private,112941,HS-grad,9,Married-civ-spouse,Machine-op-inspct,Husband,White,Male,0,0,40,United-States,>50K
18,Private,77845,Some-college,10,Never-married,Adm-clerical,Own-child,White,Male,0,1602,15,United-States,<=50K
37,Self-emp-inc,342084,Some-college,10,Married-civ-spouse,Exec-managerial,Husband,White,Male,0,0,60,United-States,>50K
24,Self-emp-inc,142404,Bachelors,13,Married-civ-spouse,Exec-managerial,Husband,White,Male,0,0,40,United-States,>50K
33,Private,392812,Some-college,10,Married-civ-spouse,Handlers-cleaners,Husband,White,Male,0,0,50,United-States,>50K
28,Self-emp-not-inc,175406,Masters,14,Married-civ-spouse,Exec-managerial,Wife,White,Female,0,0,30,United-States,>50K
40,Private,231991,HS-grad,9,Divorced,Exec-managerial,Unmarried,White,Female,0,0,40,United-States,<=50K
25,Private,189219,Bachelors,13,Never-married,Tech-support,Own-child,White,Female,0,0,16,United-States,<=50K
42,Private,155469,Assoc-acdm,12,Widowed,Tech-support,Unmarried,White,Female,0,0,24,United-States,<=50K
44,Private,151985,Masters,14,Married-civ-spouse,Exec-managerial,Wife,White,Female,0,0,24,United-States,>50K
20,State-gov,126822,Some-college,10,Never-married,Prof-specialty,Own-child,White,Female,0,0,15,United-States,<=50K
57,Self-emp-not-inc,225913,Some-college,10,Married-civ-spouse,Transport-moving,Husband,White,Male,0,0,45,United-States,>50K
47,Self-emp-not-inc,216657,HS-grad,9,Married-civ-spouse,Farming-fishing,Husband,White,Male,0,0,60,United-States,<=50K
56,Self-emp-not-inc,84774,Assoc-acdm,12,Married-civ-spouse,Farming-fishing,Wife,White,Female,0,0,40,United-States,<=50K
43,Private,91959,Bachelors,13,Married-civ-spouse,Exec-managerial,Husband,White,Male,0,0,45,United-States,>50K
41,Local-gov,47858,Bachelors,13,Married-civ-spouse,Protective-serv,Husband,White,Male,0,0,40,United-States,>50K
41,Private,23646,Masters,14,Never-married,Prof-specialty,Not-in-family,White,Female,0,0,40,United-States,<=50K
37,Private,148581,HS-grad,9,Married-civ-spouse,Transport-moving,Husband,White,Male,0,0,50,United-States,>50K
59,Private,231377,Some-college,10,Married-civ-spouse,Exec-managerial,Husband,White,Male,0,1848,45,United-States,>50K
60,?,268954,Some-college,10,Married-civ-spouse,?,Husband,White,Male,0,0,12,United-States,>50K
26,Private,178140,Bachelors,13,Married-civ-spouse,Other-service,Husband,White,Male,0,0,45,United-States,>50K
34,Private,212781,Bachelors,13,Married-civ-spouse,Exec-managerial,Husband,White,Male,0,0,40,United-States,>50K
19,Private,52372,Some-college,10,Never-married,Other-service,Own-child,White,Male,0,0,20,United-States,<=50K
61,?,198686,Assoc-acdm,12,Married-civ-spouse,?,Husband,White,Male,0,0,2,United-States,>50K
38,Private,97083,Some-college,10,Married-civ-spouse,Adm-clerical,Wife,Black,Female,0,0,40,United-States,<=50K
48,Private,349986,Assoc-voc,11,Married-spouse-absent,Prof-specialty,Not-in-family,White,Male,0,0,40,United-States,<=50K
27,Private,153078,Prof-school,15,Never-married,Prof-specialty,Own-child,Asian-Pac-Islander,Male,0,0,40,United-States,<=50K
37,Private,211154,Some-college,10,Divorced,Machine-op-inspct,Not-in-family,White,Male,0,0,52,United-States,<=50K
42,State-gov,341638,Bachelors,13,Married-civ-spouse,Prof-specialty,Husband,White,Male,0,0,40,United-States,>50K
23,Private,285004,Bachelors,13,Never-married,Sales,Not-in-family,Asian-Pac-Islander,Male,0,0,50,Taiwan,<=50K
50,Private,208630,Masters,14,Divorced,Sales,Not-in-family,White,Female,0,0,50,United-States,>50K
39,Private,207824,HS-grad,9,Never-married,Handlers-cleaners,Own-child,White,Male,0,0,60,United-States,<=50K
52,Private,160703,Doctorate,16,Married-civ-spouse,Prof-specialty,Husband,White,Male,0,0,65,United-States,>50K
34,Private,117444,Bachelors,13,Married-civ-spouse,Exec-managerial,Husband,White,Male,0,0,65,United-States,>50K
31,Private,207685,HS-grad,9,Never-married,Other-service,Unmarried,Black,Female,0,0,34,United-States,<=50K
24,Private,33088,11th,7,Never-married,Handlers-cleaners,Not-in-family,White,Male,0,0,40,United-States,<=50K
49,Self-emp-not-inc,219718,Bachelors,13,Married-civ-spouse,Sales,Husband,White,Male,15024,0,40,United-States,>50K
47,Local-gov,265097,HS-grad,9,Married-civ-spouse,Other-service,Husband,White,Male,4386,0,40,United-States,>50K
53,Self-emp-not-inc,137547,Prof-school,15,Never-married,Prof-specialty,Not-in-family,Asian-Pac-Islander,Male,27828,0,40,Philippines,>50K
34,State-gov,98101,Bachelors,13,Married-civ-spouse,Exec-managerial,Husband,White,Male,7688,0,45,?,>50K
39,Private,108140,Masters,14,Married-civ-spouse,Exec-managerial,Husband,White,Male,0,0,50,United-States,>50K
43,Private,111895,Bachelors,13,Married-civ-spouse,Prof-specialty,Husband,White,Male,0,0,50,United-States,>50K
39,State-gov,142897,Assoc-voc,11,Never-married,Exec-managerial,Unmarried,White,Female,0,0,50,United-States,<=50K
18,?,255282,11th,7,Never-married,?,Own-child,Black,Male,0,1602,48,United-States,<=50K
46,Private,149388,Bachelors,13,Married-civ-spouse,Craft-repair,Husband,White,Male,0,0,40,United-States,>50K
53,Private,288020,Bachelors,13,Married-civ-spouse,Prof-specialty,Husband,Asian-Pac-Islander,Male,0,0,40,Japan,<=50K
25,Private,283515,Some-college,10,Never-married,Protective-serv,Not-in-family,White,Male,0,0,60,United-States,<=50K
40,Private,226585,Some-college,10,Married-civ-spouse,Adm-clerical,Wife,White,Female,0,0,35,United-States,>50K
27,State-gov,271243,Some-college,10,Divorced,Adm-clerical,Unmarried,Black,Male,0,0,40,Jamaica,<=50K
40,Private,26892,Bachelors,13,Married-civ-spouse,Adm-clerical,Husband,White,Male,0,0,40,United-States,>50K
53,Private,92430,HS-grad,9,Married-civ-spouse,Craft-repair,Husband,White,Male,0,0,40,United-States,>50K
79,Private,333230,HS-grad,9,Married-spouse-absent,Prof-specialty,Not-in-family,White,Male,0,0,6,United-States,<=50K
36,Private,129573,Assoc-acdm,12,Married-civ-spouse,Sales,Husband,White,Male,0,0,60,United-States,>50K
21,?,214635,Some-college,10,Never-married,?,Own-child,White,Male,0,0,24,United-States,<=50K
43,Private,273230,Some-college,10,Married-civ-spouse,Exec-managerial,Husband,White,Male,0,0,50,United-States,>50K
31,?,163890,Some-college,10,Never-married,?,Unmarried,Black,Female,0,0,40,United-States,<=50K
31,Private,226443,Some-college,10,Married-civ-spouse,Craft-repair,Husband,White,Male,0,0,55,United-States,>50K
30,Private,381153,Some-college,10,Married-civ-spouse,Craft-repair,Husband,White,Male,0,0,40,United-States,<=50K
47,Self-emp-not-inc,134671,HS-grad,9,Married-spouse-absent,Craft-repair,Not-in-family,White,Male,0,0,40,United-States,<=50K
47,Federal-gov,44257,Bachelors,13,Married-spouse-absent,Exec-managerial,Not-in-family,White,Male,0,0,60,United-States,>50K
32,Private,202498,11th,7,Married-civ-spouse,Handlers-cleaners,Husband,White,Male,0,0,40,Columbia,<=50K
29,Private,153805,HS-grad,9,Never-married,Machine-op-inspct,Other-relative,Other,Male,0,0,40,Ecuador,<=50K
68,Private,274096,10th,6,Divorced,Transport-moving,Not-in-family,White,Male,0,0,20,United-States,<=50K
19,Private,252862,Assoc-voc,11,Never-married,Prof-specialty,Own-child,White,Female,0,0,40,United-States,<=50K
28,Private,297742,Some-college,10,Never-married,Machine-op-inspct,Own-child,White,Female,0,0,40,United-States,<=50K
22,Private,201490,HS-grad,9,Never-married,Adm-clerical,Own-child,White,Male,0,0,20,United-States,<=50K
30,Private,170130,HS-grad,9,Divorced,Adm-clerical,Unmarried,White,Female,0,0,40,United-States,<=50K
51,Private,152810,HS-grad,9,Married-civ-spouse,Prof-specialty,Husband,White,Male,0,0,40,United-States,>50K
52,Private,146767,HS-grad,9,Married-civ-spouse,Machine-op-inspct,Husband,White,Male,0,0,40,United-States,>50K
50,Private,150999,Masters,14,Married-civ-spouse,Prof-specialty,Husband,White,Male,0,1977,40,United-States,>50K
45,Private,259323,Some-college,10,Married-civ-spouse,Craft-repair,Husband,White,Male,0,0,40,United-States,<=50K
32,Private,257978,Assoc-voc,11,Widowed,Tech-support,Unmarried,Black,Female,0,0,40,United-States,<=50K
61,Private,183355,HS-grad,9,Married-civ-spouse,Adm-clerical,Husband,White,Male,0,0,40,United-States,>50K
44,Private,205822,Some-college,10,Married-civ-spouse,Sales,Husband,White,Male,0,0,40,United-States,>50K
41,Private,152529,Bachelors,13,Never-married,Prof-specialty,Not-in-family,White,Male,0,0,40,United-States,>50K
31,Private,59083,HS-grad,9,Married-civ-spouse,Other-service,Husband,White,Male,0,0,35,United-States,<=50K
30,Private,164309,HS-grad,9,Never-married,Sales,Not-in-family,White,Female,0,0,35,United-States,<=50K
46,Private,563883,HS-grad,9,Married-civ-spouse,Craft-repair,Husband,Black,Male,0,0,60,United-States,>50K
41,Private,443508,Bachelors,13,Married-civ-spouse,Transport-moving,Husband,White,Male,0,0,48,Canada,>50K
48,Private,202467,Bachelors,13,Married-civ-spouse,Prof-specialty,Husband,White,Male,0,1485,40,United-States,>50K
30,Private,137076,HS-grad,9,Married-civ-spouse,Transport-moving,Husband,White,Male,0,0,40,United-States,>50K
23,Private,121650,5th-6th,3,Never-married,Handlers-cleaners,Unmarried,White,Male,0,0,30,United-States,<=50K
44,Private,260761,HS-grad,9,Married-civ-spouse,Craft-repair,Husband,White,Male,0,0,40,United-States,>50K
31,Private,72630,Bachelors,13,Never-married,Exec-managerial,Not-in-family,White,Male,14084,0,50,United-States,>50K
73,Self-emp-not-inc,336007,HS-grad,9,Married-civ-spouse,Sales,Husband,White,Male,0,0,40,United-States,<=50K
36,Local-gov,410034,Bachelors,13,Married-civ-spouse,Prof-specialty,Husband,White,Male,0,1887,40,United-States,>50K
50,Private,168212,Doctorate,16,Married-civ-spouse,Prof-specialty,Husband,White,Male,0,1902,65,United-States,>50K
48,Private,190072,Some-college,10,Divorced,Exec-managerial,Not-in-family,White,Male,0,0,50,United-States,>50K
38,Private,99156,HS-grad,9,Separated,Other-service,Own-child,White,Male,0,0,35,United-States,<=50K
25,Private,193820,Bachelors,13,Never-married,Sales,Not-in-family,White,Female,0,1876,40,United-States,<=50K
45,Private,188950,Masters,14,Married-civ-spouse,Exec-managerial,Husband,White,Male,0,0,50,United-States,>50K
22,Private,208946,Some-college,10,Never-married,Adm-clerical,Own-child,White,Male,0,0,25,United-States,<=50K
49,Private,190115,HS-grad,9,Married-civ-spouse,Sales,Husband,White,Male,0,1672,44,United-States,<=50K
19,?,242001,Some-college,10,Never-married,?,Own-child,White,Female,0,0,40,United-States,<=50K
38,Private,31069,Assoc-voc,11,Married-civ-spouse,Craft-repair,Husband,White,Male,4386,0,40,United-States,>50K
35,Private,282979,HS-grad,9,Married-civ-spouse,Sales,Husband,White,Male,5178,0,50,United-States,>50K
31,Federal-gov,130057,Masters,14,Married-civ-spouse,Exec-managerial,Husband,White,Male,7688,0,60,United-States,>50K
24,?,119156,Bachelors,13,Never-married,?,Own-child,White,Male,0,0,40,United-States,<=50K
33,Private,175697,Bachelors,13,Married-civ-spouse,Exec-managerial,Husband,White,Male,15024,0,60,United-States,>50K
46,Local-gov,216414,Some-college,10,Married-civ-spouse,Protective-serv,Husband,White,Male,0,0,40,United-States,>50K
59,Private,348430,Bachelors,13,Married-civ-spouse,Prof-specialty,Husband,White,Male,0,1902,43,United-States,>50K
41,Private,191451,Masters,14,Divorced,Exec-managerial,Unmarried,Black,Female,0,0,60,United-States,>50K
47,Private,162302,HS-grad,9,Divorced,Adm-clerical,Unmarried,White,Female,0,0,20,United-States,<=50K
55,Private,144071,Bachelors,13,Married-civ-spouse,Tech-support,Husband,White,Male,0,0,18,United-States,>50K
49,Private,80914,5th-6th,3,Never-married,Machine-op-inspct,Not-in-family,White,Male,0,0,45,United-States,<=50K
22,Private,290504,HS-grad,9,Never-married,Other-service,Other-relative,White,Male,0,0,40,United-States,<=50K
21,Private,438139,HS-grad,9,Never-married,Sales,Not-in-family,White,Male,0,0,50,United-States,<=50K
23,Private,174413,Bachelors,13,Never-married,Exec-managerial,Not-in-family,White,Female,0,0,40,United-States,<=50K
29,Private,40083,Doctorate,16,Never-married,Prof-specialty,Not-in-family,White,Male,0,0,40,Canada,<=50K
47,Private,293623,11th,7,Married-civ-spouse,Craft-repair,Husband,White,Male,0,0,40,Dominican-Republic,<=50K
54,Private,185407,HS-grad,9,Married-civ-spouse,Craft-repair,Husband,White,Male,7688,0,40,United-States,>50K
21,Private,156807,HS-grad,9,Never-married,Other-service,Own-child,Black,Male,0,0,10,United-States,<=50K
32,Private,207113,10th,6,Divorced,Craft-repair,Unmarried,White,Male,0,0,40,United-States,<=50K
35,Private,385412,Bachelors,13,Never-married,Adm-clerical,Not-in-family,White,Female,0,0,40,United-States,<=50K
60,Local-gov,259803,Bachelors,13,Married-civ-spouse,Prof-specialty,Wife,White,Female,0,0,45,United-States,>50K
50,Private,196232,HS-grad,9,Married-civ-spouse,Exec-managerial,Husband,White,Male,7688,0,50,United-States,>50K
38,Private,200818,Prof-school,15,Married-civ-spouse,Prof-specialty,Husband,White,Male,0,0,40,United-States,>50K
33,Self-emp-not-inc,58702,Assoc-voc,11,Married-civ-spouse,Prof-specialty,Wife,White,Female,3103,0,50,United-States,>50K
46,Local-gov,167159,Some-college,10,Married-civ-spouse,Protective-serv,Husband,White,Male,0,0,70,United-States,>50K
57,Federal-gov,42298,Masters,14,Married-civ-spouse,Exec-managerial,Husband,Black,Male,15024,0,40,United-States,>50K
53,Private,141388,HS-grad,9,Married-civ-spouse,Transport-moving,Husband,White,Male,0,0,40,United-States,>50K
51,Private,133336,HS-grad,9,Married-civ-spouse,Tech-support,Husband,White,Male,0,0,40,United-States,>50K
28,Federal-gov,163862,Bachelors,13,Married-civ-spouse,Exec-managerial,Husband,White,Male,5178,0,40,United-States,>50K
32,Self-emp-not-inc,173854,Bachelors,13,Divorced,Prof-specialty,Other-relative,White,Male,0,0,35,United-States,>50K
32,Private,255885,Bachelors,13,Married-civ-spouse,Exec-managerial,Husband,White,Male,0,0,43,United-States,>50K
34,Local-gov,177675,Bachelors,13,Married-civ-spouse,Exec-managerial,Husband,White,Male,0,0,55,United-States,>50K
38,Local-gov,116608,HS-grad,9,Married-civ-spouse,Adm-clerical,Wife,White,Female,0,0,35,United-States,>50K
37,Private,271767,Bachelors,13,Never-married,Exec-managerial,Not-in-family,White,Male,0,0,48,United-States,>50K
81,?,89391,Prof-school,15,Married-civ-spouse,?,Husband,White,Male,0,0,24,United-States,>50K
50,Private,88926,HS-grad,9,Married-civ-spouse,Adm-clerical,Wife,White,Female,5178,0,40,United-States,>50K
28,Private,176137,HS-grad,9,Never-married,Other-service,Own-child,White,Female,0,0,32,United-States,<=50K
41,Private,49156,HS-grad,9,Married-civ-spouse,Craft-repair,Husband,White,Male,0,0,40,United-States,<=50K
22,Local-gov,164775,5th-6th,3,Never-married,Handlers-cleaners,Other-relative,White,Male,0,0,40,Guatemala,>50K
46,Private,179048,HS-grad,9,Married-civ-spouse,Sales,Husband,White,Male,0,0,35,?,<=50K
38,Private,266645,Masters,14,Married-civ-spouse,Exec-managerial,Husband,White,Male,0,0,60,United-States,>50K
51,Self-emp-not-inc,46401,Some-college,10,Married-civ-spouse,Prof-specialty,Wife,White,Female,0,0,40,United-States,>50K
58,Self-emp-not-inc,106942,Some-college,10,Divorced,Craft-repair,Unmarried,White,Male,0,0,40,United-States,<=50K
31,Private,53042,Some-college,10,Married-civ-spouse,Machine-op-inspct,Husband,Black,Male,0,0,40,Trinadad&Tobago,<=50K
30,Private,113364,HS-grad,9,Never-married,Machine-op-inspct,Other-relative,White,Male,0,0,40,Vietnam,<=50K
44,Self-emp-not-inc,445382,Some-college,10,Divorced,Other-service,Unmarried,White,Male,0,0,40,United-States,<=50K
39,Private,89508,Bachelors,13,Married-civ-spouse,Sales,Husband,White,Male,0,0,40,United-States,<=50K
44,Private,313022,Assoc-voc,11,Married-civ-spouse,Exec-managerial,Husband,Black,Male,0,0,40,United-States,>50K
42,Local-gov,340148,Some-college,10,Married-civ-spouse,Adm-clerical,Wife,White,Female,0,0,40,United-States,<=50K
49,Private,186078,Masters,14,Married-civ-spouse,Prof-specialty,Wife,White,Female,0,0,50,United-States,>50K
41,Private,108713,10th,6,Never-married,Sales,Own-child,White,Female,0,0,40,United-States,<=50K
23,Private,65481,HS-grad,9,Married-civ-spouse,Machine-op-inspct,Wife,White,Female,0,0,40,United-States,>50K
23,Private,193586,HS-grad,9,Married-civ-spouse,Adm-clerical,Wife,White,Female,3908,0,40,United-States,<=50K
59,Private,144071,HS-grad,9,Married-civ-spouse,Adm-clerical,Husband,White,Male,0,0,40,United-States,>50K
37,Self-emp-not-inc,137527,Doctorate,16,Never-married,Prof-specialty,Not-in-family,White,Female,0,2559,60,United-States,>50K
44,Local-gov,83286,Masters,14,Married-civ-spouse,Prof-specialty,Wife,White,Female,0,0,40,United-States,>50K
32,Private,425622,HS-grad,9,Married-civ-spouse,Transport-moving,Husband,White,Male,0,0,55,United-States,<=50K
37,Self-emp-not-inc,162834,HS-grad,9,Married-civ-spouse,Sales,Husband,White,Male,0,1902,45,United-States,>50K
31,Self-emp-inc,149726,HS-grad,9,Married-civ-spouse,Craft-repair,Husband,White,Male,0,0,50,United-States,<=50K
47,Private,104521,Assoc-voc,11,Married-civ-spouse,Prof-specialty,Husband,White,Male,0,0,40,United-States,>50K
23,Private,253190,Assoc-acdm,12,Married-civ-spouse,Handlers-cleaners,Husband,White,Male,0,0,25,United-States,<=50K
55,Private,238638,HS-grad,9,Married-civ-spouse,Sales,Husband,White,Male,4386,0,40,United-States,>50K
50,Self-emp-not-inc,172281,HS-grad,9,Married-civ-spouse,Exec-managerial,Husband,White,Male,7688,0,50,United-States,>50K
46,Private,109089,HS-grad,9,Divorced,Craft-repair,Not-in-family,White,Male,0,0,37,United-States,<=50K
36,Private,180667,HS-grad,9,Married-civ-spouse,Craft-repair,Husband,White,Male,0,1887,60,United-States,>50K
23,Private,380544,Some-college,10,Married-civ-spouse,Adm-clerical,Husband,White,Male,0,0,40,United-States,>50K
37,Private,241998,Bachelors,13,Married-civ-spouse,Tech-support,Husband,White,Male,0,0,50,United-States,>50K
61,Self-emp-not-inc,244087,HS-grad,9,Married-civ-spouse,Craft-repair,Husband,White,Male,0,0,52,United-States,>50K
23,Private,391171,Some-college,10,Never-married,Other-service,Not-in-family,Black,Male,0,0,25,United-States,<=50K
31,Private,184307,Some-college,10,Divorced,Craft-repair,Not-in-family,White,Male,0,0,40,United-States,<=50K
35,Self-emp-not-inc,185621,Bachelors,13,Never-married,Prof-specialty,Own-child,White,Female,0,0,40,United-States,<=50K
26,Private,139116,Some-college,10,Never-married,Other-service,Own-child,Black,Female,0,0,50,United-States,<=50K
54,Private,103024,HS-grad,9,Divorced,Tech-support,Not-in-family,White,Male,0,0,42,United-States,>50K
44,Local-gov,56651,Bachelors,13,Married-civ-spouse,Exec-managerial,Husband,White,Male,0,0,52,United-States,<=50K
31,Private,59083,HS-grad,9,Married-civ-spouse,Adm-clerical,Husband,White,Male,0,0,40,United-States,<=50K
20,Private,390817,5th-6th,3,Never-married,Handlers-cleaners,Not-in-family,White,Male,0,0,25,Mexico,<=50K
19,Private,29510,Some-college,10,Never-married,Other-service,Own-child,White,Female,0,0,20,United-States,<=50K
35,State-gov,177974,HS-grad,9,Married-civ-spouse,Protective-serv,Husband,White,Male,0,0,40,United-States,>50K
58,Self-emp-not-inc,196403,HS-grad,9,Married-civ-spouse,Exec-managerial,Wife,White,Female,0,0,10,United-States,>50K
47,Private,431515,Assoc-voc,11,Married-civ-spouse,Craft-repair,Husband,White,Male,0,0,40,United-States,>50K
24,Private,153542,Some-college,10,Never-married,Sales,Other-relative,White,Male,0,0,35,United-States,<=50K
41,Private,221947,Some-college,10,Married-civ-spouse,Exec-managerial,Husband,White,Male,0,1887,50,United-States,>50K
20,Private,270517,HS-grad,9,Never-married,Other-service,Own-child,White,Female,0,0,40,Mexico,<=50K
50,Private,23686,Some-college,10,Married-civ-spouse,Adm-clerical,Other-relative,White,Female,0,0,35,United-States,>50K
46,Private,324601,1st-4th,2,Separated,Machine-op-inspct,Own-child,White,Female,0,0,40,Guatemala,<=50K
28,Private,44767,Bachelors,13,Never-married,Exec-managerial,Own-child,White,Male,0,0,50,United-States,>50K
46,Self-emp-inc,191978,Masters,14,Married-civ-spouse,Exec-managerial,Husband,White,Male,0,2392,50,United-States,>50K
48,Private,246891,Some-college,10,Widowed,Sales,Unmarried,White,Male,0,0,50,United-States,>50K
49,Self-emp-inc,158685,HS-grad,9,Married-civ-spouse,Adm-clerical,Wife,White,Female,0,2377,40,United-States,>50K
30,Private,488720,Assoc-voc,11,Married-civ-spouse,Handlers-cleaners,Husband,White,Male,0,0,40,Mexico,<=50K
23,Private,50953,Some-college,10,Never-married,Priv-house-serv,Own-child,White,Female,0,0,10,United-States,<=50K
63,Private,102479,Bachelors,13,Divorced,Exec-managerial,Not-in-family,White,Female,0,0,40,United-States,<=50K
40,Private,63503,Bachelors,13,Married-civ-spouse,Exec-managerial,Husband,White,Male,0,0,40,United-States,>50K
44,State-gov,395078,HS-grad,9,Divorced,Adm-clerical,Not-in-family,White,Female,0,0,40,United-States,<=50K
41,Local-gov,396467,Assoc-acdm,12,Married-civ-spouse,Exec-managerial,Husband,Black,Male,0,0,50,United-States,>50K
40,Private,92717,HS-grad,9,Never-married,Other-service,Unmarried,Black,Female,0,0,40,United-States,<=50K
36,Private,36423,HS-grad,9,Married-civ-spouse,Transport-moving,Husband,White,Male,0,0,25,United-States,>50K
53,Local-gov,221722,Masters,14,Never-married,Exec-managerial,Not-in-family,White,Female,14344,0,50,United-States,>50K
35,Private,204163,Some-college,10,Divorced,Machine-op-inspct,Unmarried,Black,Female,0,0,55,United-States,<=50K
24,Private,43387,Bachelors,13,Married-civ-spouse,Exec-managerial,Husband,White,Male,0,0,55,England,>50K
20,Private,137300,Assoc-voc,11,Never-married,Machine-op-inspct,Unmarried,White,Female,0,0,40,United-States,<=50K
45,Self-emp-inc,106517,HS-grad,9,Divorced,Exec-managerial,Not-in-family,White,Female,0,0,40,United-States,<=50K
53,?,150393,HS-grad,9,Never-married,?,Not-in-family,White,Male,0,1504,35,United-States,<=50K
29,Private,209934,5th-6th,3,Married-civ-spouse,Other-service,Husband,White,Male,0,0,40,Mexico,<=50K
45,Private,119904,HS-grad,9,Divorced,Tech-support,Not-in-family,White,Female,0,0,50,United-States,>50K
38,Private,125933,Bachelors,13,Separated,Exec-managerial,Not-in-family,White,Male,27828,0,45,United-States,>50K
39,Private,219155,HS-grad,9,Married-civ-spouse,Machine-op-inspct,Husband,White,Male,0,0,43,United-States,<=50K
